name,hz
JSON Encode Decode,79966.79245582566
runtypes,41973.09084616639
io-ts,337073.6125561012
class-validator sync,73694.89411739286
class-validator async,61958.63602038928
