name,hz
JSON Encode Decode,103099.47335804152
runtypes,48548.664452335564
io-ts,720044.8013836233
class-validator sync,69502.04035594089
class-validator async,50144.421990798306
