name,hz
JSON Encode Decode,80324.33817648137
runtypes,50794.160030763866
io-ts,295334.2460958419
class-validator sync,34786.07633034915
class-validator async,37400.65531934194
