name,hz
JSON Encode Decode,78712.03135826586
runtypes,50423.31160389213
io-ts,270190.96084064676
class-validator sync,56447.556885985774
class-validator async,41223.729624599306
