name,hz
JSON Encode Decode,82713.57146139558
runtypes,53511.43225164024
io-ts,686090.7185923669
class-validator sync,59645.9413917278
class-validator async,45184.269906788664
