name,hz
JSON Encode Decode,80856.79288693349
runtypes,1396005.199181526
io-ts,680707.0442587842
class-validator sync,60030.580216776114
class-validator async,44101.98794133642
