name,hz
JSON Encode Decode,92700.8688523038
runtypes,58297.336764402775
io-ts,353320.55192933604
class-validator sync,67124.6762282828
class-validator async,51351.577062504395
