name,hz
JSON Encode Decode,77947.5433051111
runtypes,51707.07154114395
io-ts,282058.05576573097
class-validator sync,36359.15427981624
class-validator async,39339.022430083
