name,hz
JSON Encode Decode,105781.19535039864
runtypes,50563.14719239774
io-ts,458100.3529191447
class-validator sync,66098.59746707499
class-validator async,49968.413430502595
