name,hz
JSON Encode Decode,96766.11160893225
runtypes,58716.86811251436
io-ts,336113.3555169112
class-validator sync,58061.198663628624
class-validator async,56566.547879936326
