name,hz
JSON Encode Decode,124416.33989811465
runtypes,53518.649910408596
io-ts,506204.53510423965
class-validator sync,66698.8517534635
class-validator async,59256.02137348863
