name,hz
JSON Encode Decode,96127.80689991354
runtypes,1407872.997797659
io-ts,622355.165866342
class-validator sync,53935.03523874593
class-validator async,39070.23889894592
