name,hz
JSON Encode Decode,94851.49991040687
runtypes,57501.62644622419
io-ts,772489.1993429569
class-validator sync,59569.31811426201
class-validator async,52305.44665207973
