name,hz
JSON Encode Decode,103273.18209887049
runtypes,49722.22214519412
io-ts,696084.4437239508
class-validator sync,38720.452793980796
class-validator async,43007.81089980934
