name,hz
JSON Encode Decode,91114.68849011738
runtypes,1480089.2580652116
io-ts,740283.9377921227
class-validator sync,63119.59633891752
class-validator async,51673.01815391005
