name,hz
JSON Encode Decode,108188.0278503745
runtypes,1636164.5650396505
io-ts,659585.8989664894
class-validator sync,65540.01725872669
class-validator async,46385.46888877019
